,Tipo,Título,ID,Mes Estreno,Año Estreno
0,Movie,In My Sleep,tt0326965,4,2010
1,Movie,Disconnect,tt0419692,8,2010
2,Movie,The Crazies,tt0455407,4,2010
3,Movie,The Losers,tt0480255,4,2010
4,Movie,My Soul to Take,tt0872230,10,2010
5,Movie,Psych:9,tt0901504,5,2010
6,Movie,Proie,tt0907305,7,2011
7,Movie,Truth About Kerry,tt0923954,3,2012
8,Movie,Harry Potter and the Deathly Hallows: Part 1,tt0926084,11,2010
9,Movie,Tsvetok dyavola,tt0937353,9,2010
10,Movie,White Wall,tt0969653,5,2010
11,Movie,Headhunter: The Assessment Weekend,tt0973809,8,2010
12,Movie,Dear John,tt0989757,3,2010
13,Movie,Adventure Scouts,tt0994917,10,2010
14,Movie,Dylan Dog: Dead of Night,tt1013860,4,2011
15,Movie,Alice in Wonderland,tt1014759,3,2010
16,Movie,Let the Game Begin,tt1041778,1,2010
17,Movie,Ghost Hoax,tt1046174,,2010
18,Movie,The Black Bay Sequence,tt10510738,,2010
19,Movie,Psychosomatika,tt1078591,12,2011
20,Movie,Shanghai,tt1092634,9,2010
21,Movie,Pravosudie volkov,tt1119192,10,2010
22,Movie,Di renjie: Tong tian di guo,tt1123373,9,2010
23,Movie,Shutter Island,tt1130884,2,2010
24,Movie,The Ghost Writer,tt1139328,5,2010
25,Movie,Incendiary,tt1172573,3,2010
26,Movie,All Good Things,tt1175709,12,2010
27,Movie,Shelter,tt1179069,3,2013
28,Movie,Les aventures extraordinaires d'Adèle Blanc-Sec,tt1179025,4,2010
29,Movie,A Nightmare on Elm Street,tt1179056,5,2010
30,Movie,Black Death,tt1181791,6,2010
31,Movie,Le village des ombres,tt1183307,11,2010
32,Movie,Right Yaaa Wrong,tt1191130,3,2010
33,Movie,Lapse,tt1198133,8,2010
34,Movie,Snatched!,tt1210047,7,2010
35,Movie,Mercy,tt1213590,6,2010
36,Movie,Legend of the Guardians: The Owls of Ga'Hoole,tt1219342,9,2010
37,Movie,Zwart water,tt1223980,3,2010
38,Movie,Edge of Darkness,tt1226273,1,2010
39,Movie,Isolerad,tt1227555,6,2012
40,Movie,Let Me In,tt1228987,1,2011
41,Movie,Mistérios de Lisboa,tt1236371,5,2011
42,Movie,Twisted Path,tt1241258,,2010
43,Movie,La herencia Valdemar,tt1242744,1,2010
44,Movie,Magic Man,tt1244588,6,2010
45,Movie,Incendies,tt1255953,2,2011
46,Movie,The Trial,tt1264115,9,2010
47,Movie,The Killing Jar,tt1270296,1,2010
48,Movie,Heaven and Hell,tt1273215,8,2010
49,Movie,Oka Ammayi Oka Abbayi,tt12729282,9,2010
50,Movie,Srpski film,tt1273235,6,2010
51,Movie,The Rapture,tt1274646,,2010
52,Movie,Now Here,tt1276974,10,2010
53,Movie,Sahasram,tt12826796,12,2010
54,Movie,The Fiction,tt1283900,12,2010
55,Movie,Sennentuntschi,tt1296077,9,2011
56,Movie,The Big Bang,tt1307873,2,2011
57,Movie,Devil,tt1314655,9,2010
58,Movie,Cricket,tt1314648,,
59,Movie,Wrecked,tt1316622,6,2011
60,Movie,Deeper and Deeper,tt1319707,4,2010
61,Movie,The Last Exorcism,tt1320244,11,2010
62,Movie,The Jack of Spades,tt1321402,,2010
63,Movie,The Fifth,tt1323805,8,2010
64,Movie,Through the Woods,tt1325023,4,2010
65,Movie,The Retelling,tt1325016,2,2010
66,Movie,Backlight,tt1326238,7,2010
67,Movie,The Reeds,tt1327200,1,2010
68,Movie,Cyrus,tt1327709,5,2010
69,Movie,Death Calls,tt1328873,9,2010
70,Movie,Mesa sto dasos,tt1332110,9,2010
71,Movie,The Last Harbor,tt1332106,,2010
72,Movie,Nobody Smiling,tt1334464,3,2010
73,Movie,The Clinic,tt1345772,7,2012
74,Movie,Psychosis,tt1351784,1,2011
75,Movie,Prezít svuj zivot (teorie a praxe),tt1352765,9,2010
76,Movie,Dig,tt1356399,10,2010
77,Movie,The Ward,tt1369706,7,2011
78,Movie,Djinns,tt1372689,8,2010
79,Movie,Karthik Calling Karthik,tt1373156,2,2010
80,Movie,The Mahatmas and Their Letters,tt13753860,2,2010
81,Movie,Imogène McCarthery,tt1376421,5,2010
82,Movie,The Gertrude Stein Mystery or Some Like It Art,tt1379651,7,2010
83,Movie,Die Bielefeld Verschwörung,tt1381403,6,2010
84,Movie,A Genesis Found,tt1381773,8,2010
85,Movie,Mord på mere end én Måde,tt1383448,,
86,Movie,Cut,tt1390403,2,2010
87,Movie,And Soon the Darkness,tt1391034,3,2017
88,Movie,The Impossible Murder,tt1399651,3,2010
89,Movie,Winter's Bone,tt1399683,11,2010
90,Movie,Altitude,tt1407049,10,2010
91,Movie,Karma,tt1415274,,2011
92,Movie,Groupie,tt1422653,,2010
93,Movie,Beneath the Dark,tt1422800,3,2010
94,Movie,Apartment: Rent at Your Own Risk,tt1425618,4,2010
95,Movie,The Incubus,tt1444331,9,2010
96,Movie,Boðberi,tt1447494,7,2010
97,Movie,Rann,tt1451797,1,2010
98,Movie,The Vanishing,tt1452628,2,2011
99,Movie,Urban Wolf,tt1458696,5,2010
100,Movie,Crime d'amour,tt1459012,8,2010
101,Movie,Buried,tt1462758,11,2010
102,Movie,Die,tt1465478,7,2011
103,Movie,Higashi no Eden Gekijôban II: Paradise Lost,tt1468321,3,2010
104,Movie,Cryptopticon,tt1475143,,2010
105,Movie,Saw 3D,tt1477076,1,2011
106,Movie,F,tt1486670,9,2010
107,Movie,Mirages,tt1494799,12,2010
108,Movie,Cold Weather,tt1497874,4,2011
109,Movie,Friction,tt1500519,2,2010
110,Movie,Dead Awake,tt1501652,12,2010
111,Movie,The Owls,tt1507369,2,2010
112,Movie,Los ojos de Julia,tt1512685,10,2010
113,Movie,The Parasomniac,tt1515941,7,2010
114,Movie,The Devil & Saddam Hussein,tt1520407,,
115,Movie,Cold Cabin,tt1520271,,
116,Movie,Iron Doors,tt1520956,3,2011
117,Movie,Eye of the Sandman,tt1521784,6,2010
118,Movie,Kaboom,tt1523483,4,2011
119,Movie,Bianco,tt1531632,,
120,Movie,Where the Keys Cross,tt1533778,,2010
121,Movie,Un balcon sur la mer,tt1533813,12,2010
122,Movie,Cheung wong ji wong,tt1535495,6,2010
123,Movie,My Family's Secret,tt1536054,,
124,Movie,Paranormal Activity 2,tt1536044,10,2010
125,Movie,Life Is an Art,tt1537850,7,2010
126,Movie,Confined,tt1540116,6,2010
127,Movie,Blood and Honey,tt1542400,11,2010
128,Movie,Needle,tt1545315,7,2011
129,Movie,The Drawn Together Movie: The Movie!,tt1546036,3,2010
130,Movie,Wright Street,tt1547032,,
131,Movie,Gekijouban Trick: Reinouryokusha batoru roiyaru,tt1547631,5,2010
132,Movie,Knock Out,tt1558578,10,2010
133,Movie,Theft by Deception,tt1560988,12,2010
134,Movie,Clerk,tt1561409,1,2010
135,Movie,Resurrection of Serious Rogers,tt1564907,8,2010
136,Movie,Los materiales,tt1563670,7,2010
137,Movie,An Affirmative Act,tt1563771,6,2010
138,Movie,The Tillman Story,tt1568334,1,2010
139,Movie,As Night Falls,tt1568802,10,2010
140,Movie,15 Till Midnight,tt1568798,4,2016
141,Movie,Sin memoria,tt1570369,2,2011
142,Movie,Suzumiya Haruhi no shôshitsu,tt1572781,2,2010
143,Movie,Devil on My Shoulder,tt1574562,,
144,Movie,That Girl in Yellow Boots,tt1580704,9,2011
145,Movie,The Golden Ram,tt1579268,,
146,Movie,Repeaters,tt1580426,9,2021
147,Movie,President's Day,tt1581336,2,2010
148,Movie,Catfish,tt1584016,12,2010
149,Movie,Rasputin,tt1585270,4,2011
150,Movie,Jackrabbit,tt1584707,,
151,Movie,I'm Not Here: And She's Not There,tt1587171,4,2010
152,Movie,Inshite miru: 7-kakan no desu gêmu,tt1586753,10,2010
153,Movie,Amnezic,tt1590267,,2010
154,Movie,Insidious,tt1591095,6,2011
155,Movie,Last Call,tt1590792,,
156,Movie,My Ghost Story,tt1592770,,
157,Movie,The Time to Kill,tt1595022,1,2010
158,Movie,Chase,tt1594964,4,2010
159,Movie,Deadly Closure,tt1595637,4,2011
160,Movie,All That Glitters,tt1594906,11,2010
161,Movie,Click,tt1596723,2,2010
162,Movie,Frog,tt1595876,9,2010
163,Movie,Das elektrische Paradies,tt1598781,2,2010
164,Movie,Prism,tt1599345,,
165,Movie,La scomparsa di Patò,tt1600419,2,2012
166,Movie,The 4th Wall,tt1600049,9,2010
167,Movie,Paranormal Effect,tt1602565,1,2010
168,Movie,Paris Connections,tt1600680,9,2010
169,Movie,Foh lung,tt1602500,4,2010
170,Movie,Kto ya?,tt1601450,11,2010
171,Movie,Zombie Beach,tt1604064,2,2017
172,Movie,Phantom Vibrations,tt1604158,,
173,Movie,Harjunpää & pahan pappi,tt1604577,10,2010
174,Movie,The Diary,tt1608225,,
175,Movie,Het geheim,tt1609122,12,2010
176,Movie,Ateik i ayeik,tt1608760,,
177,Movie,Mustard and Beer,tt1611927,,
178,Movie,Ascot Alley,tt1612239,,
179,Movie,? the Movie: Only an Impression Vol. 2,tt1611805,,
180,Movie,Byakuyakô,tt1613028,1,2011
181,Movie,Phoonk 2,tt1612611,4,2010
182,Movie,Rokkk,tt1612573,3,2010
183,Movie,The Triumph of Astana,tt1615103,8,2010
184,Movie,Aaptharakshaka,tt1616085,2,2010
185,Movie,The Subhuman,tt1615887,,
186,Movie,Curio,tt1617072,5,2013
187,Movie,Eisis,tt1619647,9,2010
188,Movie,Glukhar v kino,tt1620464,5,2010
189,Movie,One Angry Man,tt1620566,5,2010
190,Movie,Shanghai Blue,tt1620599,3,2010
191,Movie,Trump Card,tt1629424,3,2010
192,Movie,The Legend of Masty Huba,tt1628016,,
193,Movie,Mistyfikacja,tt1630645,3,2010
194,Movie,Soch Lo,tt1630613,4,2010
195,Movie,The Cedar's Tears,tt1634066,,
196,Movie,Swaha: Life Beyond Superstition,tt1633250,3,2010
197,Movie,The Frappinos,tt1632629,,
198,Movie,Message,tt1634802,,
199,Movie,Cluster,tt1633333,,
200,Movie,Meitantei Conan: Tenkuu no rosuto shippu,tt1636815,4,2010
201,Movie,Mandie and the Cherokee Treasure,tt1639082,1,2011
202,Movie,Shivering Inside,tt1639883,,
203,Movie,Betting the Devil Your Head: Tales from Poe,tt1641941,,
204,Movie,Prokletstvo Krumpira,tt1641824,,
205,Movie,Blood of the Father,tt1641950,4,2010
206,Movie,Gods of Accident,tt1644580,5,2010
207,Movie,Simon Werner a disparu...,tt1646127,3,2011
208,Movie,Saab Story,tt1645867,,
209,Movie,La casa muda,tt1646973,3,2011
210,Movie,Those People,tt1646164,12,2012
211,Movie,House of White Spiders,tt1651085,4,2010
212,Movie,Holiday,tt1651084,12,2010
213,Movie,Prayer to a Vengeful God,tt1652333,10,2010
214,Movie,Harvest of Innocents: Investigating Chinese Organ Murder,tt1649761,,
215,Movie,Steven et Philomène,tt1652418,,
216,Movie,Lostal Lostat,tt1653122,,
217,Movie,Kamisama herupu!,tt1653881,8,2010
218,Movie,Be-seu-teu-sel-leo,tt1655617,4,2010
219,Movie,Gôsuto,tt1655400,11,2010
220,Movie,Hatch,tt1656652,4,2010
221,Movie,Guilt & Sentence,tt1656648,6,2010
222,Movie,Manitou Api: Where the Sun Rises,tt1656680,,
223,Movie,Zolotoe sechenie,tt1657501,6,2010
224,Movie,The Drummond Will,tt1657448,6,2013
225,Movie,Detour,tt1658078,12,2010
226,Movie,Thorne: Scaredycat,tt1659253,11,2011
227,Movie,Insoupçonnable,tt1661388,8,2010
228,Movie,Witch Way,tt1661962,,
229,Movie,Dream Candy,tt1663335,,
230,Movie,Les tortues ne meurent pas de vieillesse,tt1664984,,
231,Movie,One Life,tt1664753,,
232,Movie,Scape,tt1665762,,
233,Movie,Mega Mindy en het zwarte kristal,tt1664691,12,2010
234,Movie,Av Mevsimi,tt1668191,12,2010
235,Movie,Smoke and Mirrors,tt1667484,,
236,Movie,Parallel Universe,tt1667470,12,2010
237,Movie,Kutsar koputab kolm korda,tt1669649,5,2010
238,Movie,Itawari,tt1670248,,
239,Movie,Brevity,tt1670953,,
240,Movie,Dhrona 2010,tt1671456,1,2010
241,Movie,Evil Deeds 2,tt1671629,10,2010
242,Movie,The End of Deception,tt1671512,,
243,Movie,Hollywood Christ,tt1672765,11,2010
244,Movie,Luciana,tt1674718,2,2010
245,Movie,Checkmate,tt1675846,,
246,Movie,Killing Time,tt1675168,5,2010
247,Movie,Karafuru,tt1677561,8,2010
248,Movie,Andante,tt1677514,,2011
249,Movie,The Problem Solver,tt1679313,,
250,Movie,Table for Six,tt1682948,,
251,Movie,Soccer. Science. Sorcery,tt1683495,,
252,Movie,Giao lo dinh menh,tt1686470,9,2010
253,Movie,Wrists,tt1686831,,
254,Movie,Whiskey Blue,tt1686827,10,2010
255,Movie,Bipedality,tt1688420,,
256,Movie,In-peul-loo-eon-seu,tt1688225,3,2010
257,Movie,Edonism,tt1688444,,
258,Movie,Broken Frame,tt1692285,9,2010
259,Movie,Franz Otto Ultimate Highballer,tt1692841,,
260,Movie,Mantra,tt1693032,7,2010
261,Movie,Quiet Shoes,tt1693861,,
262,Movie,Killer Headlines,tt1692860,12,2010
263,Movie,Iggi,tt1694019,7,2010
264,Movie,Mortem,tt1697646,10,2012
265,Movie,Redemption City,tt1697705,,
266,Movie,Haiti Cherie: Wind of Hope,tt1699186,7,2010
267,Movie,"Sex, Drugs and Sausage Rolls",tt1697727,,
268,Movie,La particella di Dio,tt1699137,3,2010
269,Movie,Blonde Ringlet,tt1700742,7,2010
270,Movie,Pulsar,tt1703919,8,2011
271,Movie,Cu4tro paredes,tt1706327,5,2010
272,Movie,33 Meadow Lane,tt1707782,,
273,Movie,Pairon Talle,tt1709731,2,2011
274,Movie,Naufragio,tt1709714,6,2011
275,Movie,Meat,tt1709836,,
276,Movie,The Legend of Action Man,tt1711507,,
277,Movie,The Pawn,tt1712050,8,2010
278,Movie,Rû=garû,tt1710994,8,2010
279,Movie,For One Night Only,tt1715769,,
280,Movie,Bobok,tt1713996,6,2010
281,Movie,22:43,tt1713949,,
282,Movie,Sahä,tt1718182,,
283,Movie,"Come, Thou Fount: Thoughts on the Shakers",tt1720898,,
284,Movie,Leave Only Footprints,tt1723803,,
285,Movie,Eden Iowa,tt1723780,,
286,Movie,Byomkesh Bakshi,tt1723596,8,2010
287,Movie,Black Helicopter,tt1723728,,
288,Movie,La isla,tt1725620,10,2010
289,Movie,Hlava ruce srdce,tt1725807,11,2010
290,Movie,Gekijouban Kidou senshi Gandamu 00: A wakening of the trailblazer,tt1726286,9,2010
291,Movie,Paranômaru akutibiti: Dai-2-shô - Tokyo Night,tt1728179,11,2010
292,Movie,Next Door,tt1730216,9,2010
293,Movie,The Doubleganger,tt1727545,11,2010
294,Movie,La herencia Valdemar II: La sombra prohibida,tt1727800,1,2011
295,Movie,Man Without Map,tt1730305,,
296,Movie,Panopticon,tt1730323,,
297,Movie,Darkness of Day,tt1729539,10,2010
298,Movie,Adventures of an Earthling,tt1729508,,
299,Movie,Lighthouse Lane,tt1733561,,2010
300,Movie,Ludlow,tt1733575,,
301,Movie,Atrocious,tt1734067,6,2012
302,Movie,Unaired,tt1734174,8,2010
303,Movie,Harmony's Requiem,tt1733471,,
304,Movie,Il settimo annuncio,tt1736000,,
305,Movie,Seraphim,tt1737726,,
306,Movie,Dispongo de barcos,tt1737150,2,2011
307,Movie,Into the Red,tt1736003,,
308,Movie,Seazone,tt1737723,11,2010
309,Movie,Licht in leeren Häusern,tt1739192,2,2010
310,Movie,Le sentiment de la chair,tt1740798,12,2010
311,Movie,Kundalini,tt1740790,,
312,Movie,Othering,tt1742109,,
313,Movie,Hypothesis,tt1740766,,
314,Movie,Look Closer,tt1743944,,
315,Movie,1MC: Something of Vengeance,tt1745649,,
316,Movie,How Does David Lynch Do It?,tt1745901,,
317,Movie,Temnyy mir,tt1746246,10,2010
318,Movie,Lakeland,tt1748087,,
319,Movie,Domingo de ramos,tt1747992,1,2012
320,Movie,Malevolent Ascent,tt1754170,10,2010
321,Movie,The Pink Hotel,tt1754692,,
322,Movie,Het geheim van de Vughtse Heide,tt1753901,9,2010
323,Movie,Die Farbe,tt1756479,10,2010
324,Movie,The Tea Man,tt1756828,12,2010
325,Movie,Piano Lessons,tt1756675,,
326,Movie,The Unstrument,tt1756833,,
327,Movie,El secreto,tt1754945,12,2010
328,Movie,Woody Island,tt1757936,,
329,Movie,Mubeopja,tt1760984,3,2010
330,Movie,Motion Sickness,tt1763261,,2012
331,Movie,Ang babae sa sementeryo,tt1764181,11,2010
332,Movie,El Recluta,tt1764287,9,2010
333,Movie,Mi shi zi bu ke gao ren,tt1764492,10,2010
334,Movie,Nervosa,tt1765945,,
335,Movie,Pursuit of a Legend,tt1773638,12,2013
336,Movie,The Untitled Kartik Krishnan Project,tt1773774,10,2010
337,Movie,The Aurora Monsters: The Model Craze That Gripped the World,tt1773715,9,2010
338,Movie,Doenjang,tt1773083,10,2010
339,Movie,Open When Johnny Can Read,tt1773605,11,2010
340,Movie,Antim Swash Sundar,tt1776065,8,2010
341,Movie,Not-So-Super Girl,tt1774508,11,2010
342,Movie,Al-Tareek Al-Da'ery,tt1776796,12,2010
343,Movie,Dom bez adresa,tt1776156,9,2010
344,Movie,Fuk sau che ji sei,tt1778258,12,2010
345,Movie,Rene Midis Holivudshi,tt1778883,11,2010
346,Movie,The Silent Truth,tt1778359,,2012
347,Movie,Asibu Kebe Saji Mo Rani,tt1780775,11,2010
348,Movie,Night Music,tt1780924,3,2010
349,Movie,Palmetto Haunting,tt1783358,,
350,Movie,Lotto,tt1783339,8,2010
351,Movie,Retorno,tt1784603,11,2010
352,Movie,Un-Human,tt1784710,,
353,Movie,Small World,tt1785564,10,2010
354,Movie,Ruby Skye P.I.: The Spam Scam,tt1786657,10,2010
355,Movie,Smart & Clever,tt1785565,,
356,Movie,Torment,tt1787927,11,2010
357,Movie,On Vacation,tt1787774,,
358,Movie,Anacapa,tt1791451,,
359,Movie,Ashley Lynn,tt1792029,9,2011
360,Movie,"Lapped, Translated Lines",tt1792107,10,2010
361,Movie,Jimseung ui kkut,tt1794784,3,2011
362,Movie,Choice,tt1796428,,
363,Movie,Orr Eravuu,tt1796580,6,2010
364,Movie,Id,tt1796513,11,2010
365,Movie,Dirt Trail,tt1800282,,
366,Movie,Sleepwalking Theo,tt1800736,1,2010
367,Movie,Haunted Changi,tt1810636,9,2010
368,Movie,Lamp Post Lane,tt1810674,,
369,Movie,Who Killed Captain Alex?,tt1813757,,2010
370,Movie,The Hellsworth Haunting,tt1815978,,
371,Movie,Going Dado,tt1823691,,
372,Movie,The Successor: Private & Confidential,tt1823253,12,2010
373,Movie,Rocky Hollow Lodge,tt1821588,12,2010
374,Movie,Dimensions of Failure,tt1828965,,
375,Movie,Summer of Silence,tt1827534,,
376,Movie,The Confession of Lee Harvey Oswald,tt1845291,,
377,Movie,Dharma Guns (La succession Starkov),tt1847577,3,2011
378,Movie,Natali,tt1846675,10,2010
379,Movie,Droomkind,tt1861316,9,2010
380,Movie,Tribunal,tt1870562,,2014
381,Movie,Colfax & 15th,tt1910519,,
382,Movie,Min Gan Shi Jian,tt1915545,6,2011
383,Movie,Mallika,tt1929309,9,2010
384,Movie,Nakshatra,tt1935184,10,2010
385,Movie,Hank Danger and the League of Scientists!,tt1935809,12,2010
386,Movie,The Waiting Room,tt1948640,1,2010
387,Movie,Meritum,tt1954659,9,2010
388,Movie,La progenie del diavolo,tt1956547,11,2010
389,Movie,The Julian Paradox,tt1961563,,
390,Movie,Dol-i-kil soo eobs-neun,tt1964665,11,2010
391,Movie,Mucha,tt1969098,5,2010
392,Movie,Mr. Rivers,tt1996330,9,2010
393,Movie,Keyfar,tt2007409,6,2010
394,Movie,What Goes Around,tt2015529,,
395,Movie,Bali: Island of the Dogs,tt2056526,,
396,Movie,Killer's Thief,tt2057981,,
397,Movie,Solitær,tt2076339,9,2010
398,Movie,Gorosthane Sabdhan,tt2136956,12,2010
399,Movie,"Konfargre, the Dark Brotherhood",tt2149268,10,2010
400,Movie,Pickled,tt2162701,10,2010
401,Movie,Masakra,tt2165975,11,2011
402,Movie,Shot On Blood: Kozmikonic Electronica,tt2195564,,
403,Movie,S'natas Repeteciones,tt2357295,,
404,Movie,Was Keiner Weiß,tt2364456,2,2010
405,Movie,Stalking,tt2386842,,
406,Movie,Woo-ri i-woot-eui beom-joi,tt2520828,4,2010
407,Movie,Bloody Apocalypsis: Senketsu no mokushiroku,tt2535642,11,2010
408,Movie,Naanayam,tt2778412,1,2010
409,Movie,7 peccati capitali in cortometraggi d'autore,tt3162934,2,2010
410,Movie,The Clairvoyant Fortune,tt3181100,7,2010
411,Movie,Petals,tt3256288,,2010
412,Movie,Bloody Innocent,tt3341952,9,2010
413,Movie,Apokommata,tt3856142,10,2010
414,Movie,9 KK Road,tt4118740,8,2010
415,Movie,Anandhapurathu Veedu,tt4317600,7,2010
416,Movie,Spookshow a Go Go!,tt5444454,2,2014
417,Movie,Retrato de un vampiro,tt6290468,,
418,Movie,Heart Beat 3D,tt6474440,12,2010
419,Movie,Jelger de Goochelaar en de Vliegende Toverring,tt7650788,2,2010
420,Movie,Rahasya the Bhoutik,tt7035396,,
421,Movie,Setteekh,tt8493250,,2010
422,Movie,Tuesday's Bluff,tt8019364,6,2010
423,Movie,Khane'ie Dar Ghobar,tt20102654,11,2010
424,Movie,Zeit-not,tt21153020,,2010
425,Movie,The mystery slaves,tt22152526,4,2010
426,Movie,Nefrin,tt26693228,,
427,Movie,The Double,tt27611307,,2010
428,Movie,Caveat,tt27721176,12,2010
